<project>
  <size>
    <width>600</width>
    <height>360</height>
    <donotcrop>True</donotcrop>
    <donotstretch>False</donotstretch>
    <donotcropthumbnail>True</donotcropthumbnail>
    <transparent>False</transparent>
    <imagefillcolor>FFFFFF</imagefillcolor>
  </size>
  <slidelist>
    <slide>
      <type>0</type>
      <originalimage>C:\xampp\htdocs\g\avocado1.jpg</originalimage>
      <image>proj.xml_files\avocado1.jpg</image>
      <size>26729</size>
      <date>2018-06-22 08-50-35</date>
      <title>avocado1</title>
      <description />
      <button />
      <buttonstyle>as-btn-blue-medium</buttonstyle>
      <buttonlink />
      <buttonlinktarget />
      <link />
      <target />
      <videolist />
      <openinlightbox>False</openinlightbox>
      <setlightboxsize>False</setlightboxsize>
      <lightboxwidth>960</lightboxwidth>
      <lightboxheight>720</lightboxheight>
      <currentinlightbox>False</currentinlightbox>
      <settexteffect>True</settexteffect>
      <texteffect>Center text</texteffect>
      <setduration>False</setduration>
      <duration>5000</duration>
    </slide>
    <slide>
      <type>0</type>
      <originalimage>C:\xampp\htdocs\g\avocado2.jpg</originalimage>
      <image>proj.xml_files\avocado2.jpg</image>
      <size>21199</size>
      <date>2018-06-22 08-51-01</date>
      <title>avocado2</title>
      <description />
      <button />
      <buttonstyle>as-btn-blue-medium</buttonstyle>
      <buttonlink />
      <buttonlinktarget />
      <link />
      <target />
      <videolist />
      <openinlightbox>False</openinlightbox>
      <setlightboxsize>False</setlightboxsize>
      <lightboxwidth>960</lightboxwidth>
      <lightboxheight>720</lightboxheight>
      <currentinlightbox>False</currentinlightbox>
      <settexteffect>True</settexteffect>
      <texteffect>Center text</texteffect>
      <setduration>False</setduration>
      <duration>5000</duration>
    </slide>
    <slide>
      <type>0</type>
      <originalimage>C:\xampp\htdocs\g\avocado3.jpg</originalimage>
      <image>proj.xml_files\avocado3.jpg</image>
      <size>9420</size>
      <date>2018-06-22 08-54-45</date>
      <title>avocado3</title>
      <description />
      <button />
      <buttonstyle>as-btn-blue-medium</buttonstyle>
      <buttonlink />
      <buttonlinktarget />
      <link />
      <target />
      <videolist />
      <openinlightbox>False</openinlightbox>
      <setlightboxsize>False</setlightboxsize>
      <lightboxwidth>960</lightboxwidth>
      <lightboxheight>720</lightboxheight>
      <currentinlightbox>False</currentinlightbox>
      <settexteffect>False</settexteffect>
      <texteffect />
      <setduration>False</setduration>
      <duration>5000</duration>
    </slide>
    <slide>
      <type>0</type>
      <originalimage>C:\xampp\htdocs\g\avocado4.jpg</originalimage>
      <image>proj.xml_files\avocado4.jpg</image>
      <size>4783</size>
      <date>2018-06-22 08-55-04</date>
      <title>avocado4</title>
      <description />
      <button />
      <buttonstyle>as-btn-blue-medium</buttonstyle>
      <buttonlink />
      <buttonlinktarget />
      <link />
      <target />
      <videolist />
      <openinlightbox>False</openinlightbox>
      <setlightboxsize>False</setlightboxsize>
      <lightboxwidth>960</lightboxwidth>
      <lightboxheight>720</lightboxheight>
      <currentinlightbox>False</currentinlightbox>
      <settexteffect>False</settexteffect>
      <texteffect />
      <setduration>False</setduration>
      <duration>5000</duration>
    </slide>
    <slide>
      <type>0</type>
      <originalimage>C:\xampp\htdocs\g\avocadoplant.jpg</originalimage>
      <image>proj.xml_files\avocadoplant.jpg</image>
      <size>53924</size>
      <date>2018-06-22 08-48-54</date>
      <title>avocadoplant</title>
      <description />
      <button />
      <buttonstyle>as-btn-blue-medium</buttonstyle>
      <buttonlink />
      <buttonlinktarget />
      <link />
      <target />
      <videolist />
      <openinlightbox>False</openinlightbox>
      <setlightboxsize>False</setlightboxsize>
      <lightboxwidth>960</lightboxwidth>
      <lightboxheight>720</lightboxheight>
      <currentinlightbox>False</currentinlightbox>
      <settexteffect>False</settexteffect>
      <texteffect />
      <setduration>False</setduration>
      <duration>5000</duration>
    </slide>
    <slide>
      <type>0</type>
      <originalimage>C:\xampp\htdocs\g\berries1.jpg</originalimage>
      <image>proj.xml_files\berries1.jpg</image>
      <size>11003</size>
      <date>2018-06-22 09-20-30</date>
      <title>berries1</title>
      <description />
      <button />
      <buttonstyle>as-btn-blue-medium</buttonstyle>
      <buttonlink />
      <buttonlinktarget />
      <link />
      <target />
      <videolist />
      <openinlightbox>False</openinlightbox>
      <setlightboxsize>False</setlightboxsize>
      <lightboxwidth>960</lightboxwidth>
      <lightboxheight>720</lightboxheight>
      <currentinlightbox>False</currentinlightbox>
      <settexteffect>False</settexteffect>
      <texteffect />
      <setduration>False</setduration>
      <duration>5000</duration>
    </slide>
    <slide>
      <type>0</type>
      <originalimage>C:\xampp\htdocs\g\berries2.jpg</originalimage>
      <image>proj.xml_files\berries2.jpg</image>
      <size>45848</size>
      <date>2018-06-22 09-20-18</date>
      <title>berries2</title>
      <description />
      <button />
      <buttonstyle>as-btn-blue-medium</buttonstyle>
      <buttonlink />
      <buttonlinktarget />
      <link />
      <target />
      <videolist />
      <openinlightbox>False</openinlightbox>
      <setlightboxsize>False</setlightboxsize>
      <lightboxwidth>960</lightboxwidth>
      <lightboxheight>720</lightboxheight>
      <currentinlightbox>False</currentinlightbox>
      <settexteffect>False</settexteffect>
      <texteffect />
      <setduration>False</setduration>
      <duration>5000</duration>
    </slide>
    <slide>
      <type>0</type>
      <originalimage>C:\xampp\htdocs\g\blackberries.jpg</originalimage>
      <image>proj.xml_files\blackberries.jpg</image>
      <size>24704</size>
      <date>2018-06-22 09-20-09</date>
      <title>blackberries</title>
      <description />
      <button />
      <buttonstyle>as-btn-blue-medium</buttonstyle>
      <buttonlink />
      <buttonlinktarget />
      <link />
      <target />
      <videolist />
      <openinlightbox>False</openinlightbox>
      <setlightboxsize>False</setlightboxsize>
      <lightboxwidth>960</lightboxwidth>
      <lightboxheight>720</lightboxheight>
      <currentinlightbox>False</currentinlightbox>
      <settexteffect>False</settexteffect>
      <texteffect />
      <setduration>False</setduration>
      <duration>5000</duration>
    </slide>
    <slide>
      <type>0</type>
      <originalimage>C:\xampp\htdocs\g\chicken.jpg</originalimage>
      <image>proj.xml_files\chicken.jpg</image>
      <size>11245</size>
      <date>2018-06-22 08-56-38</date>
      <title>chicken</title>
      <description />
      <button />
      <buttonstyle>as-btn-blue-medium</buttonstyle>
      <buttonlink />
      <buttonlinktarget />
      <link />
      <target />
      <videolist />
      <openinlightbox>False</openinlightbox>
      <setlightboxsize>False</setlightboxsize>
      <lightboxwidth>960</lightboxwidth>
      <lightboxheight>720</lightboxheight>
      <currentinlightbox>False</currentinlightbox>
      <settexteffect>False</settexteffect>
      <texteffect />
      <setduration>False</setduration>
      <duration>5000</duration>
    </slide>
    <slide>
      <type>0</type>
      <originalimage>C:\xampp\htdocs\g\goatkids.jpg</originalimage>
      <image>proj.xml_files\goatkids.jpg</image>
      <size>10877</size>
      <date>2018-06-22 09-03-37</date>
      <title>goatkids</title>
      <description />
      <button />
      <buttonstyle>as-btn-blue-medium</buttonstyle>
      <buttonlink />
      <buttonlinktarget />
      <link />
      <target />
      <videolist />
      <openinlightbox>False</openinlightbox>
      <setlightboxsize>False</setlightboxsize>
      <lightboxwidth>960</lightboxwidth>
      <lightboxheight>720</lightboxheight>
      <currentinlightbox>False</currentinlightbox>
      <settexteffect>False</settexteffect>
      <texteffect />
      <setduration>False</setduration>
      <duration>5000</duration>
    </slide>
    <slide>
      <type>0</type>
      <originalimage>C:\xampp\htdocs\g\goats1.jpg</originalimage>
      <image>proj.xml_files\goats1.jpg</image>
      <size>50127</size>
      <date>2018-06-22 09-03-25</date>
      <title>goats1</title>
      <description />
      <button />
      <buttonstyle>as-btn-blue-medium</buttonstyle>
      <buttonlink />
      <buttonlinktarget />
      <link />
      <target />
      <videolist />
      <openinlightbox>False</openinlightbox>
      <setlightboxsize>False</setlightboxsize>
      <lightboxwidth>960</lightboxwidth>
      <lightboxheight>720</lightboxheight>
      <currentinlightbox>False</currentinlightbox>
      <settexteffect>False</settexteffect>
      <texteffect />
      <setduration>False</setduration>
      <duration>5000</duration>
    </slide>
    <slide>
      <type>0</type>
      <originalimage>C:\xampp\htdocs\g\goats2.jpg</originalimage>
      <image>proj.xml_files\goats2.jpg</image>
      <size>49889</size>
      <date>2018-06-22 09-04-24</date>
      <title>goats2</title>
      <description />
      <button />
      <buttonstyle>as-btn-blue-medium</buttonstyle>
      <buttonlink />
      <buttonlinktarget />
      <link />
      <target />
      <videolist />
      <openinlightbox>False</openinlightbox>
      <setlightboxsize>False</setlightboxsize>
      <lightboxwidth>960</lightboxwidth>
      <lightboxheight>720</lightboxheight>
      <currentinlightbox>False</currentinlightbox>
      <settexteffect>False</settexteffect>
      <texteffect />
      <setduration>False</setduration>
      <duration>5000</duration>
    </slide>
    <slide>
      <type>0</type>
      <originalimage>C:\xampp\htdocs\g\images (3).jpg</originalimage>
      <image>proj.xml_files\images%20%283%29.jpg</image>
      <size>21199</size>
      <date>2018-06-22 08-53-45</date>
      <title>images (3)</title>
      <description />
      <button />
      <buttonstyle>as-btn-blue-medium</buttonstyle>
      <buttonlink />
      <buttonlinktarget />
      <link />
      <target />
      <videolist />
      <openinlightbox>False</openinlightbox>
      <setlightboxsize>False</setlightboxsize>
      <lightboxwidth>960</lightboxwidth>
      <lightboxheight>720</lightboxheight>
      <currentinlightbox>False</currentinlightbox>
      <settexteffect>False</settexteffect>
      <texteffect />
      <setduration>False</setduration>
      <duration>5000</duration>
    </slide>
    <slide>
      <type>0</type>
      <originalimage>C:\xampp\htdocs\g\redberries.jpg</originalimage>
      <image>proj.xml_files\redberries.jpg</image>
      <size>52814</size>
      <date>2018-06-22 08-57-17</date>
      <title>redberries</title>
      <description />
      <button />
      <buttonstyle>as-btn-blue-medium</buttonstyle>
      <buttonlink />
      <buttonlinktarget />
      <link />
      <target />
      <videolist />
      <openinlightbox>False</openinlightbox>
      <setlightboxsize>False</setlightboxsize>
      <lightboxwidth>960</lightboxwidth>
      <lightboxheight>720</lightboxheight>
      <currentinlightbox>False</currentinlightbox>
      <settexteffect>False</settexteffect>
      <texteffect />
      <setduration>False</setduration>
      <duration>5000</duration>
    </slide>
  </slidelist>
  <transitions>
    <fade>
      <duration>1000</duration>
      <easing>easeOutCubic</easing>
      <checked>True</checked>
    </fade>
    <crossfade>
      <duration>1000</duration>
      <easing>easeOutCubic</easing>
      <checked>True</checked>
    </crossfade>
    <slide>
      <duration>1000</duration>
      <easing>easeOutCubic</easing>
      <checked>True</checked>
      <effectdirection>0</effectdirection>
    </slide>
    <elastic>
      <duration>1000</duration>
      <easing>easeOutElastic</easing>
      <checked>False</checked>
      <effectdirection>0</effectdirection>
    </elastic>
    <tiles>
      <duration>2000</duration>
      <checked>True</checked>
    </tiles>
    <kenburns>
      <duration>5000</duration>
      <checked>True</checked>
    </kenburns>
    <flip>
      <duration>1500</duration>
      <checked>True</checked>
    </flip>
    <flipwithzoom>
      <duration>2000</duration>
      <checked>True</checked>
    </flipwithzoom>
    <threedwithzoom>
      <duration>2500</duration>
      <fallback>flip</fallback>
      <checked>True</checked>
    </threedwithzoom>
    <threedhorizontalwithzoom>
      <duration>2200</duration>
      <fallback>flipwithzoom</fallback>
      <checked>True</checked>
    </threedhorizontalwithzoom>
    <threedflip>
      <duration>1500</duration>
      <fallback>flip</fallback>
      <checked>True</checked>
    </threedflip>
    <threedflipwithzoom>
      <duration>2000</duration>
      <fallback>flipwithzoom</fallback>
      <checked>True</checked>
    </threedflipwithzoom>
    <threedtiles>
      <duration>2000</duration>
      <fallback>tiles</fallback>
      <checked>True</checked>
    </threedtiles>
    <slice>
      <checked>True</checked>
      <effectdirection>0</effectdirection>
      <effects>up,down,updown</effects>
      <slicecount>10</slicecount>
      <duration>1500</duration>
      <easing>easeOutCubic</easing>
    </slice>
    <blinds>
      <duration>2000</duration>
      <easing>easeOutCubic</easing>
      <checked>True</checked>
      <effectdirection>0</effectdirection>
      <slicecount>3</slicecount>
    </blinds>
    <threed>
      <checked>True</checked>
      <effectdirection>0</effectdirection>
      <bgcolor>#222222</bgcolor>
      <perspective>1000</perspective>
      <slicecount>5</slicecount>
      <duration>1500</duration>
      <easing>easeOutCubic</easing>
      <fallback>slice</fallback>
      <scatter>5</scatter>
      <perspectiveorigin>right</perspectiveorigin>
    </threed>
    <threedhorizontal>
      <checked>True</checked>
      <effectdirection>0</effectdirection>
      <bgcolor>#222222</bgcolor>
      <perspective>1000</perspective>
      <slicecount>1</slicecount>
      <duration>1500</duration>
      <easing>easeOutCubic</easing>
      <fallback>slice</fallback>
      <scatter>5</scatter>
      <perspectiveorigin>bottom</perspectiveorigin>
    </threedhorizontal>
    <blocks>
      <columncount>5</columncount>
      <checked>True</checked>
      <rowcount>5</rowcount>
      <effects>topleft,bottomright,top,bottom,random</effects>
      <duration>1500</duration>
      <easing>easeOutCubic</easing>
    </blocks>
    <shuffle>
      <duration>1500</duration>
      <easing>easeOutCubic</easing>
      <columncount>5</columncount>
      <checked>False</checked>
      <rowcount>5</rowcount>
    </shuffle>
  </transitions>
  <slider>
    <loadimageondemand>False</loadimageondemand>
    <videohidecontrols>False</videohidecontrols>
    <donotresize>False</donotresize>
    <enabletouchswipe>True</enabletouchswipe>
    <fullscreen>False</fullscreen>
    <autoplayvideo>False</autoplayvideo>
    <addmargin>True</addmargin>
    <transitiononfirstslide>False</transitiononfirstslide>
    <forceflash>False</forceflash>
    <isresponsive>True</isresponsive>
    <forceflashonie11>True</forceflashonie11>
    <forceflashonie10>True</forceflashonie10>
    <pauseonmouseover>False</pauseonmouseover>
    <playvideoonclickthumb>True</playvideoonclickthumb>
    <slideinterval>5000</slideinterval>
    <fullwidth>False</fullwidth>
    <randomplay>True</randomplay>
    <scalemode>fill</scalemode>
    <loop>0</loop>
    <autoplay>True</autoplay>
  </slider>
  <skin>
    <navplayvideoimage>play-32-32-0.png</navplayvideoimage>
    <navpreviewheight>60</navpreviewheight>
    <timerheight>2</timerheight>
    <descriptioncssresponsive>font-size:12px;</descriptioncssresponsive>
    <shownumbering>False</shownumbering>
    <skin>Header</skin>
    <addgooglefonts>False</addgooglefonts>
    <navshowplaypause>True</navshowplaypause>
    <navshowplayvideo>False</navshowplayvideo>
    <navshowplaypausestandalonemarginx>8</navshowplaypausestandalonemarginx>
    <navshowplaypausestandalonemarginy>8</navshowplaypausestandalonemarginy>
    <navbuttonradius>0</navbuttonradius>
    <navthumbnavigationarrowimageheight>32</navthumbnavigationarrowimageheight>
    <navmarginy>16</navmarginy>
    <lightboxshownavigation>False</lightboxshownavigation>
    <showshadow>False</showshadow>
    <navfeaturedarrowimagewidth>16</navfeaturedarrowimagewidth>
    <navpreviewwidth>120</navpreviewwidth>
    <googlefonts />
    <navborderhighlightcolor />
    <navcolor>#999999</navcolor>
    <lightboxdescriptionbottomcss>{color:#333; font-size:12px; font-family:Arial,Helvetica,sans-serif; overflow:hidden; text-align:left; margin:4px 0px 0px; padding: 0px;}</lightboxdescriptionbottomcss>
    <lightboxthumbwidth>80</lightboxthumbwidth>
    <navthumbnavigationarrowimagewidth>32</navthumbnavigationarrowimagewidth>
    <navthumbtitlehovercss>text-decoration:underline;</navthumbtitlehovercss>
    <navthumbmediumheight>64</navthumbmediumheight>
    <texteffectresponsivesize>600</texteffectresponsivesize>
    <arrowwidth>32</arrowwidth>
    <texteffecteasing>easeOutCubic</texteffecteasing>
    <texteffect>slide</texteffect>
    <lightboxthumbheight>60</lightboxthumbheight>
    <navspacing>8</navspacing>
    <navarrowimage>navarrows-28-28-0.png</navarrowimage>
    <bordercolor>#ffffff</bordercolor>
    <ribbonimage>ribbon_topleft-0.png</ribbonimage>
    <navwidth>24</navwidth>
    <navheight>24</navheight>
    <arrowimage>arrows-32-32-0.png</arrowimage>
    <timeropacity>0.6</timeropacity>
    <arrowhideonmouseleave>1000</arrowhideonmouseleave>
    <navthumbnavigationarrowimage>carouselarrows-32-32-0.png</navthumbnavigationarrowimage>
    <navshowplaypausestandalone>False</navshowplaypausestandalone>
    <texteffect1>slide</texteffect1>
    <navpreviewbordercolor>#ffffff</navpreviewbordercolor>
    <texteffect2>slide</texteffect2>
    <customcss />
    <ribbonposition>topleft</ribbonposition>
    <navthumbdescriptioncss>display:block;position:relative;padding:2px 4px;text-align:left;font:normal 12px Arial,Helvetica,sans-serif;color:#333;</navthumbdescriptioncss>
    <lightboxtitlebottomcss>{color:#333; font-size:14px; font-family:Armata,sans-serif,Arial; overflow:hidden; text-align:left;}</lightboxtitlebottomcss>
    <arrowstyle>none</arrowstyle>
    <navthumbmediumsize>800</navthumbmediumsize>
    <navthumbtitleheight>20</navthumbtitleheight>
    <textpositionmargintop>24</textpositionmargintop>
    <buttoncssresponsive />
    <navswitchonmouseover>False</navswitchonmouseover>
    <playvideoimage>playvideo-64-64-0.png</playvideoimage>
    <arrowtop>50</arrowtop>
    <textstyle>none</textstyle>
    <playvideoimageheight>64</playvideoimageheight>
    <navfonthighlightcolor>#666666</navfonthighlightcolor>
    <showbackgroundimage>False</showbackgroundimage>
    <navpreviewborder>4</navpreviewborder>
    <navshowplaypausestandaloneheight>28</navshowplaypausestandaloneheight>
    <navdirection>horizontal</navdirection>
    <navbuttonshowbgimage>True</navbuttonshowbgimage>
    <navbuttonbgimage>navbuttonbgimage-28-28-0.png</navbuttonbgimage>
    <textbgcss>display:block; position:absolute; top:0px; left:0px; width:100%; height:100%; background-color:#333333; opacity:0.6; filter:alpha(opacity=60);</textbgcss>
    <textpositiondynamic>bottomleft</textpositiondynamic>
    <playvideoimagewidth>64</playvideoimagewidth>
    <buttoncss>display:block; position:relative; margin-top:8px;</buttoncss>
    <navborder>4</navborder>
    <navshowpreviewontouch>False</navshowpreviewontouch>
    <bottomshadowimagewidth>96</bottomshadowimagewidth>
    <showtimer>True</showtimer>
    <navradius>0</navradius>
    <navmultirows>False</navmultirows>
    <navshowpreview>False</navshowpreview>
    <navpreviewarrowheight>8</navpreviewarrowheight>
    <navmarginx>16</navmarginx>
    <navfeaturedarrowimage>featuredarrow-16-8-0.png</navfeaturedarrowimage>
    <navthumbsmallsize>480</navthumbsmallsize>
    <showribbon>False</showribbon>
    <navstyle>none</navstyle>
    <textpositionmarginleft>24</textpositionmarginleft>
    <descriptioncss>display:block; position:relative; font:12px "Lucida Sans Unicode","Lucida Grande",sans-serif,Arial; color:#fff; margin-top:8px;</descriptioncss>
    <navplaypauseimage>navplaypause-28-28-0.png</navplaypauseimage>
    <backgroundimagetop>-10</backgroundimagetop>
    <timercolor>#ffffff</timercolor>
    <numberingformat>%NUM/%TOTAL </numberingformat>
    <navthumbmediumwidth>64</navthumbmediumwidth>
    <navfontsize>12</navfontsize>
    <navhighlightcolor>#333333</navhighlightcolor>
    <texteffectdelay1>1000</texteffectdelay1>
    <navimage>bullet-24-24-0.png</navimage>
    <texteffectdelay2>1500</texteffectdelay2>
    <texteffectduration1>600</texteffectduration1>
    <navshowplaypausestandaloneautohide>False</navshowplaypausestandaloneautohide>
    <texteffectduration2>600</texteffectduration2>
    <navbuttoncolor>#999999</navbuttoncolor>
    <navshowarrow>True</navshowarrow>
    <texteffectslidedirection>left</texteffectslidedirection>
    <navshowfeaturedarrow>False</navshowfeaturedarrow>
    <lightboxbarheight>64</lightboxbarheight>
    <titlecss>display:block; position:relative; font:bold 14px "Lucida Sans Unicode","Lucida Grande",sans-serif,Arial; color:#fff;</titlecss>
    <ribbonimagey>0</ribbonimagey>
    <ribbonimagex>0</ribbonimagex>
    <navthumbsmallheight>48</navthumbsmallheight>
    <texteffectslidedistance1>120</texteffectslidedistance1>
    <texteffectslidedistance2>120</texteffectslidedistance2>
    <navrowspacing>8</navrowspacing>
    <navshowplaypausestandaloneposition>bottomright</navshowplaypausestandaloneposition>
    <shadowsize>5</shadowsize>
    <lightboxthumbtopmargin>12</lightboxthumbtopmargin>
    <titlecssresponsive>font-size:12px;</titlecssresponsive>
    <navshowplaypausestandalonewidth>28</navshowplaypausestandalonewidth>
    <navthumbresponsive>False</navthumbresponsive>
    <navfeaturedarrowimageheight>8</navfeaturedarrowimageheight>
    <navopacity>0.8</navopacity>
    <textpositionmarginright>24</textpositionmarginright>
    <backgroundimagewidth>120</backgroundimagewidth>
    <textautohide>True</textautohide>
    <navthumbtitlewidth>120</navthumbtitlewidth>
    <navpreviewposition>top</navpreviewposition>
    <texteffectseparate>False</texteffectseparate>
    <arrowheight>32</arrowheight>
    <shadowcolor>#aaaaaa</shadowcolor>
    <arrowmargin>8</arrowmargin>
    <texteffectduration>600</texteffectduration>
    <bottomshadowimage>bottomshadow-110-95-0.png</bottomshadowimage>
    <border>0</border>
    <lightboxshowdescription>False</lightboxshowdescription>
    <timerposition>bottom</timerposition>
    <navfontcolor>#333333</navfontcolor>
    <navthumbnavigationstyle>arrow</navthumbnavigationstyle>
    <borderradius>0</borderradius>
    <navbuttonhighlightcolor>#333333</navbuttonhighlightcolor>
    <textpositionstatic>bottom</textpositionstatic>
    <texteffecteasing2>easeOutCubic</texteffecteasing2>
    <navthumbstyle>imageonly</navthumbstyle>
    <texteffecteasing1>easeOutCubic</texteffecteasing1>
    <textcss>display:block; padding:12px; text-align:left;</textcss>
    <navthumbsmallwidth>48</navthumbsmallwidth>
    <navbordercolor>#ffffff</navbordercolor>
    <navpreviewarrowimage>previewarrow-16-8-0.png</navpreviewarrowimage>
    <navthumbtitlecss>display:block;position:relative;padding:2px 4px;text-align:left;font:bold 14px Arial,Helvetica,sans-serif;color:#333;</navthumbtitlecss>
    <showbottomshadow>False</showbottomshadow>
    <texteffectslidedistance>30</texteffectslidedistance>
    <texteffectdelay>500</texteffectdelay>
    <textpositionmarginstatic>0</textpositionmarginstatic>
    <backgroundimage />
    <navposition>bottom</navposition>
    <texteffectslidedirection1>right</texteffectslidedirection1>
    <navpreviewarrowwidth>16</navpreviewarrowwidth>
    <textformat>None</textformat>
    <texteffectslidedirection2>right</texteffectslidedirection2>
    <bottomshadowimagetop>95</bottomshadowimagetop>
    <texteffectresponsive>True</texteffectresponsive>
    <navshowbuttons>False</navshowbuttons>
    <lightboxthumbbottommargin>8</lightboxthumbbottommargin>
    <textpositionmarginbottom>24</textpositionmarginbottom>
    <lightboxshowtitle>True</lightboxshowtitle>
  </skin>
  <publish>
    <skinsfolder />
    <absoluteurl />
    <htmlbgcolor />
    <lightboxfolder />
    <publishtype>0</publishtype>
    <htmltopmargin>0</htmltopmargin>
    <jsfolder>sliderengine</jsfolder>
    <filename>slider.html</filename>
    <thumbnailsfolder />
    <id>1</id>
    <folder>C:\xampp\htdocs\g</folder>
    <imagesfolder>images</imagesfolder>
  </publish>
</project>
